ид_события,ид_канала_данных,дата,время,тревожное,значение_датчика
n01,numeric,2026-01-01,00:00:00,false,10
n02,numeric,2026-01-01,01:00:00,false,10
n03,numeric,2026-01-01,02:00:00,false,10
n04,numeric,2026-01-01,03:00:00,false,10
n05,numeric,2026-01-01,04:00:00,false,10
n06,numeric,2026-01-01,05:00:00,false,10
n07,numeric,2026-01-01,06:00:00,false,10
n08,numeric,2026-01-01,07:00:00,false,10
n09,numeric,2026-01-01,08:00:00,false,10
n10,numeric,2026-01-01,09:00:00,false,10
n11,numeric,2026-01-01,10:00:00,false,10
n12,numeric,2026-01-01,11:00:00,false,10
n13,numeric,2026-01-01,12:00:00,false,20
n14,numeric,2026-01-01,13:00:00,false,20
n15,numeric,2026-01-01,14:00:00,false,20
n16,numeric,2026-01-01,15:00:00,false,10
n17,numeric,2026-01-01,16:00:00,false,10
n18,numeric,2026-01-01,17:00:00,false,10
n19,numeric,2026-01-01,18:00:00,false,20
n20,numeric,2026-01-01,19:00:00,false,20
n21,numeric,2026-01-01,20:00:00,false,20
n01,numeric,2026-01-01,00:00:00,false,10
s01,state,2026-01-01,00:00:00,false,Норма
s02,state,2026-01-01,01:00:00,true,Тревога
s03,state,2026-01-01,02:00:00,false,Норма
m01,mixed,2026-01-01,00:00:00,false,Норма
m02,mixed,2026-01-01,01:00:00,false,12.5
g01,gap,2026-01-01,00:00:00,false,Норма
g02,gap,2026-01-03,00:00:00,false,Норма
c01,conflict,2026-01-01,00:00:00,false,10
c02,conflict,2026-01-01,00:00:00,true,20
u01,unknown-channel,2026-01-01,00:00:00,false,Норма
